Workbook

Sheet Domains
B2: Domains | C2: MCD Point Of Contact | D2: Summary
B3: Identity & Directory | C3: Ryan Powers | D3: 5 Technologies | E3: 4 Processes
B4: Network | C4: Anil Daniel, Al Zieba | D4: 5 Technologies | E4: 6 Processes
B5: Hosting & Cloud | C5: Jon Heron | D5: 1 Technology | E5: 3 Processes
B6: M365 & Email Security | C6: Shelby Kigor | D6: 1 Technologies | E6: 3 Processes
B7: AI | D7: 0 Technology | E7: 1 Processes
B8: Application Inventory | C8: Scott Farnum, Adam Slowik | D8: 3 Technologies | E8: 4 Processes
B9: Endpoint | C9: Rob Billingsby, Wolfgang Hoffman, Jon Heron, Michael Debleffetti | D9: 3 Technologies | E9: 4 Processes
B10: Defense & Response | C10: Matt Clemons | D10: 0 Technologies | E10: 2 Processes
B11: Third Parties & Vendors | C11: Elena | D11: 0 Technologies | E11: 2 Processes
B12: Data & Storage | C12: Ryan Toscano | D12: 4 Technologies | E12: 4 Processes

Sheet Meeting Status
A1: Domains | B1: MCD Contacts | C1: Status
A2: Identity & Directory | B2: Ryan Powers | C2: Complete
A3: Network | B3: Anil Daniel, Al Zieba | C3: Complete
A4: Hosting & Cloud | B4: Jon Heron | C4: Complete
A5: M365 & Email Security | B5: Shelby Kigor | C5: Scheduled
A6: Application Inventory | B6: Scott Farnum, Adam Slowik | C6: Complete
A7: Endpoint | B7: Rob Billingsby, Wolfgang Hoffman, Jon Heron, Michael Debleffetti | C7: Complete
A8: Defense & Response | B8: Matt Clemons | C8: Complete
A9: Third Parties & Vendors | B9: Elena | C9: Scheduled
A10: Data & Storage | B10: Ryan Toscano | C10: Complete

Sheet Identity & Directory
B2: Identity & Directory
B3: 5 Technologies | C3: 4 Processes
B5: Technology / Process | C5: Item | D5: Description | E5: McDonald's Preferred Tooling | F5: Scope & Cadence | G5: Standard/Policy Referenced | H5: Current Policy Language | I5: Current Language Summary | J5: Suggested Update | K5: Notes
B6: Technology | C6: Identity Provider (IdP) | D6: Centralizes user identity management and authentication, acting as the authoritative source for who can access what across the organization's systems and applications. | E6: Active Directory | F6: Any human (user), devices, and applications requiring access to any McDonald's IT resource | G6: N/A | H6: N/A | I6: The current language establishes centralized authentication through an enterprise directory. It signals a central identity model, but does not fully define the enterprise IdP strategy, approved federation methods, application coverage expectations, or exception handling.
B7: Technology | C7: Privileged Access Management (PAM) | D7: Controls, monitors, and audits access for privileged accounts, ensuring admin and service credentials are vaulted, time-limited, and fully auditable. | E7: Restaurant: BeyondTrust Enterprise: Cloud PAM | F7: All accounts on enterprise applications | G7: Identity and Access Management Standard.pdf • p7: “Allocation and use of privileged access rights shall be restricted and controlled… Privileged accounts shall be kept to minimum…” Third Party Security Standard.pdf • p.6: “centralized Privileged Access Management (PAM) solution…” | I7: The current language clearly recognizes privileged access as a distinct high-risk area that must be minimized and controlled. It also indicates a centralized PAM capability exists, but does not define the full control set expected in a mature PAM standard.
B8: Technology | C8: Identity Governance & Administration (IGA) | D8: Automates the provisioning, deprovisioning, and certification of user access, enforcing least privilege and providing an auditable view of who has access to what. | E8: Saviyant (All identities across the globe that are non-crew) | F8: All user and service accounts across enterprise applications, directories, and cloud platforms | G8: Identity and Access Management Standard.pdf • p4: “integrated with… GIA Platform for provisioning or de-provisioning” Third Party Security Standard.pdf • p.6: “documented Identity Governance Framework… identity provisioning, de-provisioning, and periodic access recertification” | I8: The current language shows that provisioning and deprovisioning are expected to occur through a central governance platform and that recertification is part of the control model. It demonstrates IGA capability, but does not yet define workflow requirements, SoD enforcement, source-of-truth expectations, or evidence retention.
B9: Technology | C9: Multi-Factor Authentication (MFA) | D9: Requires users to verify their identity through a second factor beyond a password, significantly reducing the risk of credential-based attacks. | E9: TBD | F9: All users & applications accessing corporate systems, applications, and remote services | G9: Identity and Access Management Standard.pdf • p5: “Multi-factor authentication shall be enforced.” Should be updated to include: - Approved MFA methods: - MFA required for: - MFA token validity: etc. etc. Third Party Security Standard.pdf • p.7: “MFA… required for all access” | I9: The current language clearly requires MFA and in some places applies it broadly. It is strong foundational language, but does not yet specify factor strength, phishing-resistant requirements, or exception handling expectations.
B10: Technology | C10: Single Sign-On (SSO) | D10: Allows users to authenticate once and gain access to multiple applications, reducing password sprawl and centralizing authentication control. | E10: TBD | F10: All users accessing federated applications and services across the organization | G10: Identity and Access Management Standard.pdf • p5: “MFA must be configured to all single sign on integrated applications…” | I10: The current language only addresses MFA for applications already integrated with SSO. It implies SSO exists, but does not directly require enterprise applications to use SSO or clarify whether local authentication remains permissible.
B11: Process | C11: Joiner, Mover, Leaver (JML) Process | D11: Defines how access is granted when a user joins, updated when they change role, and fully revoked when they leave the organization. Including Birthright | E11: TBD | F11: All employees, contractors, and third parties with access to corporate systems and data. Triggered by HR events; audit compliance quarterly. | G11: Identity and Access Management Standard.pdf • p7: “approve granting and revoking… when workforce members join… move… change roles… or leave…” Third Party Security Standard.pdf • p.7: “immediate deactivation… upon termination or job role changes” | I11: The current language directly ties access changes to workforce lifecycle events and makes clear that terminations and role changes should trigger deactivation. It is solid intent, but still lacks standardized SLA language, trigger source definitions, and reconciliation requirements across systems. | J11: Gold-Standard: 1. Define triggers and deprovisioning SLAs. 2. Apply JML controls across employees, contractors, vendors, and privileged accounts. Suggested Update: “Access shall be provisioned, modified, or removed based on authoritative workforce status changes, and termination-related deprovisioning shall occur within defined SLA timelines.”
B12: Process | C12: Privileged Access Reviews | D12: Periodically validates that privileged and admin access is still required and appropriate, removing or reducing rights where no longer justified. | E12: TBD | F12: All accounts holding elevated or administrative privileges across systems, directories, and cloud platforms. - Reviews take place on a quarterly basis. | G12: Identity and Access Management Standard.pdf • p7: “reviewed… at least semi-annually…” Cloud & Hosting Security Standard • p7: “Access shall be reviewed…on an annual basis.” | I12: The current language requires periodic access review, but privileged access is not consistently separated from standard access. Review frequency, scope, and remediation expectations for elevated roles are not yet strong enough for a mature privileged review standard. | J12: Gold-Standard: 1. Define what privileged means. 2. Create a distinct privileged access review requirement. 3. Require tighter review cadence and remediation timelines for privileged access. Suggested Update: “Privileged access shall be reviewed at least quarterly, and unjustified privileged access shall be removed within 5 business days.”
B13: Process | C13: Access Certifications | D13: Runs scheduled campaigns requiring managers or data owners to formally review and certify that user access remains appropriate and necessary. | E13: TBD | F13: All users with access to sensitive, regulated, or privileged systems. Semi-annually for standard access; quarterly for privileged access. | G13: Identity and Access Management Standard.pdf • p7: “SOX applicable applications’ access review…” Third Party Security Standard.pdf • p.6: “periodic access recertification” | I13: The current language supports formal recertification and recognizes access review as a recurring governance activity. However, it does not yet define one enterprise certification model with standardized cadence, attestation language, scope, and escalation requirements. | J13: Gold-Standard: 1. Formalize access certification as an enterprise control with defined cadence. 2. Define standard evidence and escalation requirements. Suggested Update: “Access certifications shall be performed on a defined schedule by designated reviewers, with all unresolved items escalated and remediated within approved timelines.”
B14: Process | C14: Directory Hygiene & Stale Account Remediation | D14: Identifies and remediates dormant, orphaned, or unlinked accounts across Active Directory and other directories to reduce the attack surface. This includes security group management | E14: TBD | F14: All accounts in AD, cloud directories, and local systems — particularly those with no active HR record match. Quarterly scan and remediation cycle. | G14: Identity and Access Management Standard.pdf • p6: “Inactive accounts shall be disabled after… 90 days.” Third Party Security Standard.pdf • p.8: “identity… disabled, deleted… when… no longer… business requirement” | I14: The current language clearly establishes that inactive or unnecessary accounts should not remain active indefinitely. It is a meaningful control, but does not distinguish by account type, define reactivation controls, or require reporting and orphaned account review. | J14: Gold-Standard: 1. Define inactivity thresholds by account class. 2. Require reactivation approval and stale/orphan account review. Suggested Update: “Inactive accounts shall be disabled based on approved thresholds by account type, and reactivation shall require documented approval and validation of continued business need.”

Sheet Network
B2: Network
B3: 5 Technologies | C3: 6 Processes
B5: Technology/Process | C5: Name | D5: Description | E5: McDonald's Preferred Tooling | F5: Scope & Cadence | G5: Direct Citation(s) | H5: Current Language Summary | I5: Suggested Update
B6: Technology | C6: Next-Generation Firewall (NGFW) | D6: Inspects and controls network traffic based on application, user, and content context, going beyond traditional port and protocol filtering to block modern threats. | E6: TBD | F6: Network perimeter boundaries across on-prem and cloud environments | G6: N/A | H6: N/A | I6: Standalone Network Policy (Net-New Document) NGFW: The organization shall use approved Next-Generation Firewall capabilities to inspect, control, and log network traffic based on application, user, content, and risk, with rules aligned to least privilege, threat prevention requirements, and formally approved network security policies. NAC: The organization shall use approved Network Access Control capabilities to authenticate and validate users and devices before granting network access, enforcing posture, compliance, and authorization requirements for corporate, guest, contractor, and unmanaged endpoints. VPN: The organization shall use approved Virtual Private Network services to secure remote connectivity to internal network resources, requiring encrypted sessions, strong authentication, and policy-based access restrictions for users, administrators, and third parties. Network Segmentation & Zoning: The organization shall use approved segmentation and zoning controls to separate networks, systems, and data based on business function, sensitivity, and risk, restricting east-west and north-south traffic to only authorized communications through defined trust boundaries and monitored control points. | N6: d
B7: Technology | C7: Secure Web Gateway | D7: A security solution that monitors, filters, and controls user web traffic to block malicious sites, enforce acceptable use policies, and prevent data loss | E7: ZIA
B8: Technology | C8: Network Access Control (NAC) | D8: Enforces device compliance and identity checks before granting network access, preventing unmanaged or non-compliant devices from connecting to corporate infrastructure. | E8: TBD | F8: All devices attempting to connect to the corporate network, including employee, contractor, and guest devices | G8: N/A | H8: N/A
B9: Technology | C9: Virtual Private Network (VPN) | D9: Provides an encrypted tunnel for users accessing corporate systems remotely, ensuring traffic is protected from interception over untrusted networks. | E9: TBD | F9: All remote users and third parties requiring access to internal corporate systems and resources | G9: Third Party Security Standard.pdf • p.10: “Remote logins… routed through… VPN tunnels… hardened… jump server/bastion host… MFA” | H9: The current language is relatively strong and specific: remote administrative access must use secured connectivity paths such as VPN and hardened bastion patterns with MFA. It does not yet define when VPN is preferred versus ZTNA or what device compliance requirements apply.
B10: Technology/Process | C10: Network Segmentation & Zoning | D10: Defines how the network is divided into zones (e.g. DMZ, corporate, guest) to limit lateral movement and contain the impact of a breach within a segment. | E10: TBD | F10: All network infrastructure across on-prem, cloud, and hybrid environments including OT and guest networks. Review annually or following significant network changes. | G10: Third Party Security Standard.pdf • p.10: “security zones… segmenting… logical groupings… flows… approved… monitored… reviewed” | H10: The current language clearly requires systems to be divided into security zones and requires flows between them to be approved, monitored, and reviewed. It is a strong direct statement of intent, but does not define a minimum segmentation model or explicitly require default-deny between zones.
B11: Process | C11: Firewall Rule review & Change Management | D11: Periodically audits existing firewall rules to remove redundant or overly permissive entries, and governs how new rules are requested, approved, and implemented. | E11: TBD | F11: All firewall rule sets across perimeter, internal, and cloud-based firewalls. Quarterly rule review; change management applied continuously. | G11: Third Party Security Standard.pdf • p.11: “Firewall rule review process… documented and regularly triggered… update/remove rules…” | H11: The current language makes clear that firewall rules must be actively reviewed and maintained rather than left in place indefinitely. It is an important lifecycle control, but does not define review frequency, required rule metadata, ownership, or stale-rule cleanup detail. | I11: Gold-Standard: 1. Require each rule to have a documented owner and business justification. 2. Require review cadence plus expiration or recertification. Suggested Update: Shouldn't only be an excerpt in the Third Party standard, but in a central Network Standard document. - “All firewall rules shall have a documented owner, business justification, review cycle, and expiration or recertification requirement.”
B12: Process | C12: Wifi Hardening Baseline | D12: Encryption, strong password, guest wifi separate from corporate
B13: Process | C13: Remote Access Policy | D13: Defines the standards and requirements for users connecting to corporate systems from outside the network, including VPN usage, device compliance, and authentication requirements. | E13: TBD | F13: All employees, contractors, and third parties accessing corporate systems remotely. Review annually or when remote working practices change significantly. | G13: Identity and Access Management Standard.pdf • p9: “establish and document allowed methods of remote access… usage restrictions… monitor… unauthorized remote access.” Third Party Security Standard.pdf • p.8: “Non‑McDonald’s devices… only through approved remote access gateways” | H13: The current language establishes that remote access methods must be documented, restricted, and monitored, and limits access from unmanaged devices to approved gateways. It is a sound framework, but should become more explicit around posture checks, timeouts, prohibited tools, and vendor access handling. | I13: Gold-Standard: 1. Define approved remote access methods and require MFA. 2. Require compliant device posture and centralized monitoring. Suggested Update: Shouldn't only be an excerpt in the IAM and Third Party standards, but in a central Network Standard document. “Remote access shall occur only through approved enterprise services and shall require MFA, compliant device posture, session controls, and centralized monitoring.”
B14: Process | C14: DNS Security & Filtering | D14: Controls and monitors DNS queries to block access to malicious or unauthorized domains and detect potential command-and-control activity. | E14: TBD | F14: All users and devices generating DNS traffic across corporate and remote networks. Continuously enforced; policy reviewed quarterly. | G14: Logging and Continuous Monitoring Standard • p.5 • 5.1.7: “Domain Name System (DNS) query logging shall be enabled to detect hostname lookups for known malicious domains” | H14: The current language establishes DNS query logging as a detection mechanism for malicious lookups. It is a useful starting point, but is primarily detective and does not define DNS blocking, resolver control, or response workflows. | I14: Gold-Standard: 1. Require DNS logging and blocking for known malicious domains. 2. Define alerting and response expectations for suspicious DNS activity. Suggested Update: “DNS security controls shall log, monitor, and block requests to known malicious domains and generate alerts for suspicious query activity.”
B15: Process | C15: Content Updates | D15: Regular updates to threat signatures, detection rules, and policy content to keep security tools current against emerging threats | E15: TBD
B16: Process | C16: Basic Segmentation Standards & Implementation | D16: Defines the minimum segmentation baseline (required zones, permitted traffic between zones, and default-deny principles) and the operating process to implement/maintain it (documented standards, approvals, exceptions, periodic validation). | E16: TBD | F16: All on‑prem, cloud, and hybrid networks; applies to corporate, guest, OT, and management networks. Review annually and after significant network or application changes. | G16: N/A | H16: N/A | I16: N/A

Sheet Hosting & Cloud
B2: Hosting & Cloud
B3: 1 Technology | C3: 3 Processes
B5: Technology/Process | C5: Item | D5: Description | E5: McDonald's Preferred Tooling | F5: Scope & Cadence | G5: Direct Citation(s) | H5: Current Language Summary | I5: Suggested Update
B6: Technology | C6: Cloud Security Posture Management (CSPM) | D6: Continuously monitors cloud environments for misconfigurations, compliance violations, and security risks across cloud services and accounts. | E6: TBD | F6: All cloud accounts and services across AWS, Azure, GCP, or equivalent platforms used by the organization | I6: Standalone Cloud Policy (Net-New Document) CSPM: The organization shall use approved Cloud Security Posture Management capabilities to continuously monitor cloud environments for misconfigurations, policy violations, excessive permissions, and compliance gaps, and to support timely remediation through defined ownership, risk-based prioritization, and governance processes.
B7: Process | C7: Cloud Security Baseline & Hardening Standards | D7: Defines the minimum security configuration requirements for cloud environments, ensuring services, storage, and compute resources are deployed securely by default. | E7: TBD | F7: All cloud accounts, services, and resources provisioned across the organization's cloud platforms. Review annually; validate compliance quarterly.
B8: Process | C8: Cloud Asset Inventory & Lifecycle Management | D8: Maintains an up-to-date register of all cloud assets including VMs, storage, and services, ensuring unused or shadow resources are identified and decommissioned. | E8: TBD | F8: All cloud resources across every account and region used by the organization. Continuously maintained; full audit quarterly.
B9: Process | C9: Cloud Access & Privileged Role Management | D9: Governs who holds elevated roles in cloud platforms, ensuring access is least privilege, reviewed regularly, and aligned to job function. | E9: TBD | F9: All users and service accounts holding elevated or administrative roles across cloud platforms. Quarterly access review.

Sheet M365 & Email Security
B2: M365 & Email Security
B3: 1 Technologies | C3: 3 Processes
B5: Technology/Process | C5: Name | D5: Description | E5: McDonald's Preferred Tooling | F5: Scope & Cadence | G5: Policy Link | H5: Policy Evaluation
B6: Technology | C6: Email Security Gateway | D6: Filters inbound and outbound email to detect and block phishing, malware, spam, and business email compromise attempts before they reach user inboxes. | E6: Proofpoint | F6: All users with a corporate email account across the organization | G6: Records Management Policy - p.3 “2.0 Scope” (includes “e-mail” as record medium). | H6: Establish and document SEG requirements (anti-phish, sandboxing, URL rewrite, DMARC posture).
B7: Process | C7: Phishing Simulation & User Awareness Training | D7: Runs regular simulated phishing campaigns to test user susceptibility and delivers targeted training to reduce the risk of credential theft and social engineering attacks. | E7: TBD | F7: All staff across the organization, with targeted follow-up training for users who fail simulations. Simulations monthly or quarterly; mandatory training at least annually. | G7: Acceptable Use Policy.pdf - p.5 L1–L2 (“Report Phish button…”). Cloud & Hosting Security Standard - p15 (annual training/awareness referenced). Security Awareness and Training Standard.pdf - p.4 (phishing awareness). | H7: Distinguish “awareness training” vs “simulation program.” Establish and understand click/report rates, repeat-failure rate, and completion SLAs.
B8: Process | C8: M365 Tenant Hardening & Configuration Baseline | D8: Defines and enforces a secure configuration standard for the M365 tenant, covering settings across Exchange, Teams, SharePoint, and other services to reduce the attack surface. | E8: TBD | F8: All M365 services and configurations within the organization's tenant. Review and validate configuration baseline quarterly. | G8: N/A | H8: Define baseline controls in a clear, central location.
B9: Process | C9: Productivity Suites Security Review | D9: Reviews security configurations, access controls, data sharing settings, and user permissions across collaboration and productivity platforms to identify misconfigurations, overprivileged accounts, and data exposure risks. | F9: All productivity suite platforms (M365, Sharepoint, Google Workspace, etc.) across the organization. Full assessment annually; targeted configuration reviews quarterly.
B19: Phishing campaign

Sheet AI
B2: AI
B3: 0 Technology | C3: 1 Processes
B5: Technology/Process | C5: Item | D5: Description | E5: McDonald's Preferred Tooling | F5: Scope & Cadence | G5: Policy Link | H5: Policy Evaluation
B6: Process | C6: AI Tool & Usage Review | D6: Understanding whether the organization utilizes AI, including which tools have been formally sanctioned for use and who has been granted access to them. | E6: TBD | F6: All approved and sanctioned AI tools across the organization. Semi-annually. | G6: Artificial Intelligence Policy.pdf - “ONLY use AI tooling… approved by the RAI Team…”; “Approved AI Tooling…”. | H6: Define a cadence to review AI tools and their applicability on a bi-annual basis.

Sheet Application Inventory
B2: Application Inventory
B3: 3 Technologies | C3: 4 Processes
B5: Technology/Process | C5: Item | D5: Description | E5: McDonald's Preferred Tooling | F5: Scope & Cadence | G5: Policy Link | H5: Policy Evaluation
B6: Technology | C6: Dynamic Application Security Testing (DAST) | D6: Tests running applications for vulnerabilities by simulating real-world attacks, identifying issues such as injection flaws, authentication weaknesses, and misconfigurations at runtime. | E6: Stackhawk | F6: All internet-facing and internally hosted web applications and APIs across the organization | G6: Third Party Security Standard.pdf - p.24 (“security testing… including… (SAST/DAST)”). | H6: Make gating criteria and scope explicit. Define and outlint DAST coverage.
B7: Technology | C7: Static Application Security Testing (SAST) | D7: Analyses application source code, bytecode, or binaries for security vulnerabilities before deployment, enabling developers to identify and fix issues early in the development lifecycle. | E7: Snyk | F7: All internally developed applications and codebases across the software development lifecycle | G7: Secure SDLC Standard.pdf - (“Static and dynamic analysis tools…”). | H7: Define where SAST must run (CI/CD) and thresholds.
B8: Technology | C8: EWAAP | D8: Filters and monitors HTTP traffic to and from web applications, protecting against common attacks such as SQL injection, cross-site scripting, and application-layer DDoS. | E8: TBD | F8: All internet-facing web applications and APIs hosted on-prem or in the cloud | G8: Secure SDLC Standard.pdf - (“Web applications… protected by… WAFs…”). Network Security Standard.pdf - p.12 definition “Web Application Filtering”. | H8: Clarify WAF vs generic “filtering/IAP.”
B9: Process | C9: Application Inventory & Classification | D9: Maintains a complete and up-to-date register of all applications in use across the organization, classified by criticality, data sensitivity, and ownership. | E9: TBD | F9: All applications in use across the organization including sanctioned, legacy, and shadow IT. Continuously maintained; full audit semi-annually. | G9: N/A | H9: N/A
B10: Process | C10: Application Lifecycle Management | D10: Governs how applications are requested, approved, deployed, maintained, and decommissioned, ensuring unsupported or redundant applications are identified and retired. | E10: TBD | F10: All applications across the organization from initial procurement or development through to decommission. Review unsupported or end-of-life applications quarterly. | G10: N/A | H10: N/A
B11: Process | C11: Secure Software Development Lifecycle (SSDLC) | D11: Embeds security practices into each stage of the software development process, from design through to deployment, to reduce vulnerabilities being introduced into applications. | E11: TBD | F11: All internally developed or customized applications and software projects across the organization. Applied continuously throughout the development lifecycle. | G11: N/A | H11: N/A
B12: Process | C12: Penetration Testing | D12: Conducts regular simulated attacks against applications to identify exploitable vulnerabilities that automated scanning may miss, providing a real-world assessment of security posture. | E12: TBD | F12: All critical and internet-facing applications. At least annually; after significant changes or new application releases. | G12: N/A | H12: N/A

Sheet Endpoint
B2: Endpoint
B3: 3 Technologies | C3: 4 Processes
B5: Technology/Process | C5: Name | D5: Description | E5: McDonald's Preferred Tooling | F5: Scope & Cadence | G5: Policy Link | H5: Policy Evaluation
B6: Technology | C6: Endpoint Detection & Response (EDR) | D6: Monitors endpoints in real time for malicious behavior, detects and responds to threats, and provides forensic investigation capabilities post-incident. | E6: SentinelOne | F6: All corporate-managed endpoints including laptops, desktops, and servers across the organization | G6: Endpoint Protection Standard.pdf - p6 (L1): “Endpoint protection solutions (including Endpoint Detection and Response (EDR)) shall be deployed and regularly updated…” | H6: Define minimum telemetry and SOC integration.
B7: Technology | C7: Mobile Device Management (MDM) | D7: Enforces security policies, manages configurations, and enables remote wipe across mobile and desktop devices to ensure corporate data remains protected on all endpoints. | E7: Intune AU: Moving to Intune | F7: All corporate-owned and BYOD devices accessing corporate systems, email, or data | G7: N/A | H7: N/A
B8: Technology | C8: Vulnerability Management & Patching | D8: Systematically discovers, prioritizes, and remediates vulnerabilities and missing patches across the endpoint estate within defined SLAs based on severity and exposure. | E8: Tenable/Tanium | F8: All managed endpoints and servers across the organization including remote and off-network devices | G8: N/A | H8: N/A
B9: Process | C9: Endpoint Hardening & Configuration Baseline | D9: Defines and enforces a secure configuration standard for all endpoints, covering settings such as local admin removal, disk encryption, screen lock, and disabling unnecessary services. | E9: TBD | F9: All corporate-managed endpoints from the point of provisioning through the device lifecycle. Baseline reviewed annually; compliance validated continuously via MDM. | G9: N/A | H9: N/A
B10: Process | C10: Removable Media Controls | D10: Defines and enforces policies around the use of USB drives and other removable media, restricting or blocking usage where it poses a data loss or malware introduction risk. | E10: TBD | F10: All corporate endpoints and users who may connect removable media devices to corporate hardware. Policy reviewed annually; controls enforced continuously. | G10: N/A | H10: N/A
B11: Process | C11: Endpoint Compliance & Health Monitoring | D11: Continuously assesses whether endpoints meet the organization's security baseline, flagging and remediating non-compliant or unhealthy devices before they pose a risk. | E11: TBD | F11: All managed endpoints across the organization, with particular focus on remote and high-risk devices. Compliance reports reviewed weekly or monthly. | G11: N/A | H11: N/A
B12: Process | C12: Endpoint Asset Inventory & Lifecycle Management | D12: Maintains a complete register of all endpoints across the organization, ensuring every device is accounted for from procurement through to secure decommissioning, including unmanaged and unknown devices. | E12: TBD | F12: All endpoints across the organization including managed, unmanaged, and third-party devices connecting to corporate resources. Full audit quarterly. | G12: N/A | H12: N/A

Sheet Defense & Response
B2: Defense & Response
B3: 0 Technologies | C3: 2 Processes
B5: Technology/Process | C5: Name | D5: Description | E5: McDonald's Preferred Tooling | F5: Scope & Cadence | G5: Policy Link | H5: Policy Evaluation
B6: Process | C6: Incident Response Plan & Playbooks | D6: Defines the end-to-end process for detecting, containing, eradicating, and recovering from security incidents, including specific playbooks for common scenarios such as ransomware, phishing, and data breach with regulatory notification obligations. | E6: TBD | F6: All security incidents across the organization, including those involving personal or sensitive data subject to regulatory reporting. Plan reviewed annually; tabletop exercises at least annually. | G6: Business Continuity and Technology Resiliency Standard.pdf - p.8 L1–L2 (IR plans tested). Network Security Standard.pdf p.10 5.9.1 (incident reporting). Third Party Security Standard.pdf - p.21 (incident response plans/capabilities via exercises—per summary). | H6: List required incident response playbooks with direct, easy-to-understand terminology. Define a time-to-contain SLA.
B7: Process | C7: Logs Ingested into Global SOC | D7: Identifying all log sources and then connecting to the corporate SOC by onboarding each source through approved collectors/connectors. | E7: Glonbal SOC - Chronicle | F7: All systems, applications, network devices, and cloud services generating security-relevant log data across the organization. Continuously collected; retention policy reviewed annually. | G7: Third Party Security Standard.pdf - p.14 (“Logs… ingested by… SIEM… for correlation”). Third Party Security Standard.pdf - p.7 (“Integrate logs with SIEM”). Logging and Continuous Monitoring Standard - p.6 5.3.2 (review aggregated logs in coordination with GSOC). | H7: Specify log sources, retention, and alert SLAs explicitly.

Sheet Third Parties & Vendors
B2: Third Parties & Vendors
B3: 0 Technologies | C3: 2 Processes
B5: Technology/Process | C5: Name | D5: Description | E5: McDonald's Preferred Tooling | F5: Scope & Cadence | G5: Policy Link | H5: Policy Evaluation
B6: Process | C6: Lifecycle Management | D6: End‑to‑end process of onboarding vendors with due diligence, assessing and tiering them by inherent risk, continuously monitoring performance, security, compliance, and issues, and offboarding by terminating access & validating data return/destruction, and finally - capturing lessons learned. | E6: TBD | F6: All third-party vendors and suppliers prior, during and after being granted access to corporate systems, data, or infrastructure - with re-assessments likely for high-risk vendors. | G6: Acceptable Use Policy.pdf - p.10 L1–L3 (return assets at relationship end). Identity and Access Management Standard.pdf - p9 (third-party accounts disabled when no longer needed). Third Party Security Policy.pdf - (lifecycle sections; “Return, destroy, or irreversibly dispose…”—per summary). Network Security Standard - p.4 5.1.3 (follow Third-Party Security Policy). | H6: Explicitly define TP/Supplier lifecycle and tiering system - with actionable steps required at each phase.
B7: Process | C7: Contractual Security Requirements | D7: Ensures that security obligations, data handling standards, breach notification requirements, and audit rights are embedded into all third party contracts and agreements. | E7: TBD | F7: All contracts and agreements with third parties who handle, process, or have access to corporate or customer data. Applied at contract creation and renewal; reviewed annually. | G7: Third Party Security Standard.pdf - p.27 (“Include contractual flow-down clauses…”). Third Party Security Standard.pdf - p.31 (contract compliance expectations). Encryption and Key Management Standard.pdf - p9 (L1) (“contractual enforcement of encryption obligations by the third party.”). | H7: Provide owners for contrcactual enforcement. Create a contract clause checklist and a standardized vendor breach notice.

Sheet Data & Storage
B2: Data & Storage
B3: 4 Technologies | C3: 4 Processes
B5: Technology/Process | C5: Name | D5: Description | E5: McDonald's Preferred Tooling | F5: Scope & Cadence | G5: Policy Link | H5: Policy Evaluation | J5: High-Level Questions
B6: Technology | C6: Data Discovery & Inventory | D6: Used for discovering sensitive data in the environment and inventory the data, includes both unstructured and structured data. | E6: Collibra, BigID | F6: Cloud, SaaS, and on-prem environments where sensitive or regulated data may reside | G6: N/A | H6: N/A | J6: What mechanisms are used to discover structured and unstructured data across on-prem, cloud, SaaS, and endpoint environments? How complete and current is the enterprise data inventory, and which data stores are out of scope or not yet covered? How are data owners, custodians, business purpose, and system-of-record attributes captured and maintained? How is discovery performed continuously versus one-time, and how are new data sources onboarded into inventory processes?
B7: Technology | C7: Data Classification | D7: Classify disovered sensitive data into varios classification scheme (e.g., Highly Sensitive, Confidential, Internal, Public) and apply appropriate controls based on classification. | E7: M365 Purview | F7: Corporate Users | G7: N/A | H7: N/A | J7: What classification schema is in place, and does it align to regulatory, business, and contractual requirements? How is data classified in practice: manually, automatically, or through a hybrid approach? What percentage of critical data stores and files are classified, and how is classification accuracy validated? How is classification metadata used downstream in controls such as DLP, encryption, retention, and access management?
B8: Technology | C8: Data Segmentation, Transfer & Localization | D8: Segments, transfer and localizes sensitive data based on data regulations and data retention policies to minimize exposure of sensitive data. | E8: TBD | F8: Cloud, SaaS, and on-prem environments where sensitive or regulated data may reside | G8: N/A | H8: N/A | J8: How is sensitive data segmented by business unit, geography, environment, or trust zone to reduce unnecessary exposure? What controls govern data movement between applications, environments, third parties, and cross-border locations? How does the organization identify and enforce data residency, sovereignty, and localization requirements? Where does sensitive data move today, and how well is that movement monitored, approved, and documented? | K8: Separate MCD vs Corp data segmentation or how we sucurely tie back it
B9: Technology | C9: Data Loss Prevention (DLP) | D9: Monitors and blocks unauthorized transfer or exfiltration of sensitive data across endpoints, email, and cloud services. | E9: M365 Purview | F9: Corporate users who handle, send, or store sensitive data via email, endpoint, or cloud platforms | G9: N/A | H9: N/A | J9: What DLP capabilities are deployed across email, endpoints, web, cloud storage, SaaS, and network channels? How are DLP policies aligned to the organization’s most important data types, business processes, and risk scenarios? What is the current coverage of DLP controls, and where are major blind spots or unenforced channels? How are DLP incidents investigated, tuned, and measured to balance risk reduction with business usability? | K9: What tool is being used and enforcement actions
B10: Process | C10: Data Classification Management | D10: Defines sensitivity tiers, ownership responsibilities, and handling requirements for data across its lifecycle. | E10: TBD | F10: All staff who create, store, or handle data across any system or format. Review annually. | G10: Asset Standard.pdf - p.5 L1–L2 (“assets… shall be classified and labeled…”). Third Party Security Standard.pdf - p.11 (“Implement a formal data classification process…”). | H10: Put a single handling matrix in one authoritative place. Determine mechanism to automatically assess and label data.
B11: Process | C11: Data Retention & Disposal | D11: Establishes defined retention periods and secure disposal methods aligned to regulatory requirements and business need. | E11: TBD | F11: All systems, storage media, and data types subject to regulatory or business retention obligations. Review annually; disposal activities ongoing per retention schedule. | G11: Third Party Security Standard.pdf - p.12 (“Records Retention Schedules…”; delete/dispose after expiry). Asset Standard.pdf - p.3 • L1–L3 (“lifecycle controls (including data retention requirements)”). | H11: Clarify owners, schedules, and legal hold steps.
B12: Process | C12: Backup Testing & Recovery Drills | D12: Regularly validates backup integrity and practices restoration procedures to confirm recoverability within agreed RTO/RPO targets. | E12: TBD | F12: All critical systems and data sets subject to backup and recovery requirements. Test quarterly; full recovery drill at least annually. | G12: Business Continuity and Technology Resiliency Standard.pdf - p.8 L1–L2 (test integrity; perform restoration). Cloud & Hosting Security Standard - p15 (“Backup and recovery measures shall be tested quarterly”). | H12: Specify measurable RTO/RPO and success criteria.
B13: Process | C13: Encryption (At Rest & In Transit) | D13: Defines and enforces encryption standards (AES-256, TLS 1.2+) across all data stores and transfer channels as a baseline security control. | E13: TBD | F13: All databases, file storage, and data transfer channels handling sensitive or regulated information. Review annually or when new systems are introduced. | G13: Acceptable Use Policy.pdf - p.5 • L1–L3 (“emailed outside… appropriate encryption.”). Data Classification & Handling Standard.pdf - (encrypt at-rest and in-transit; AES-256/TLS 1.2+ referenced) | H13: Separate “email auth” vs “data encryption” terminology. Establish mandatory encryption locations.

Sheet Policy Analysis
B2: Policy Language Analysis
B4: Bucket 1 | C4: Bucket 2 | D4: Bucket 3 | E4: Bucket 4 | F4: Bucket 5
B5: Acceptable Use | C5: Change Mgmt | D5: Encryption | E5: Logging | F5: Secure SDLC
B6: AI | C6: Cloud & Hosting | D6: Endpoint | E6: Global Personal | F6: Security Awareness
B7: AI | C7: Data Center and IT Physical Sec | D7: Identity | E7: Network Security St | F7: Third Party Sec Pol
B8: Asset Class | C8: Data Class | D8: Incident | E8: Open Source | F8: Third Party Sec Standard
B9: Business Continuity | C9: Data Gov Policy | D9: Infosec | E9: Records Mgmt | F9: Vulnerability
B12: Mega citations crosswalk + clarity/safety suggestions (Analyses 1–5)
B14: Domain | C14: Concept | D14: Direct citations | E14: Related citations (close/partial) | F14: Indirect citations (enablers/adjacent) | G14: Policy clarity improvements (wording) | H14: Safer-posture requirements (testable controls) | I14: Evidence / metrics to require
B15: Identity & Directory | C15: Identity Provider (IdP) | D15: Identity and Access Management Standard.pdf • p5 (L1): “Authentication shall occur against the central system (Global Active Directory).” | F15: Logging and Continuous Monitoring Standard • p.8 • “6.0 Required Security Infrastructure Services” (Global Authentication Service / Global AS; GIA Platform).<br>Network Security Standard • p.10 • “6.0 Required Security Infrastructure Services” (Global Authentication Service / Global AS; GIA Platform). | G15: Define “IdP” explicitly; name authoritative IdP(s); state when exceptions apply. | H15: Centralized federation required for enterprise apps; prohibit local auth where feasible; define break-glass and outage behavior. | I15: IdP integration inventory; % apps federated; IdP auth/admin logs retained; break-glass drills and access reviews.
B16: Identity & Directory | C16: Privileged Access Management (PAM) | D16: Identity and Access Management Standard.pdf • p7: “5.9 Privileged Access Management” + p7 (L1–L2) (“Allocation and use…” excerpt).<br>Third Party Security Standard.pdf • p.6 (“centralized Privileged Access Management (PAM) solution…”). | E16: Network Security Standard • p.12 • definition “Privileged Access Path … including PAM platforms …”.<br>Logging and Continuous Monitoring Standard • p.5 • 5.1.6 (“All privileged and administrative activity shall be logged”).<br>Business Continuity and Technology Resiliency Standard.pdf • p.11 • L1–L3 (“Privileged Access…” excerpt).<br>Change Management Standard • p8 (“Privileged Access” definition excerpt). | G16: Use “shall” language for vaulting/JIT/session recording; define “privileged” and “admin access path.” | H16: Approved PAM tooling; vault + rotation SLAs; JIT/JEA elevation; session recording; break-glass controls; ticket/change linkage. | I16: % privileged accounts under PAM; session recording coverage; secret rotation compliance; privileged elevation duration; quarterly control tests.
B17: Identity & Directory | C17: Identity Governance & Administration (IGA) | D17: Identity and Access Management Standard.pdf • p4 (“integrated with… GIA Platform for provisioning or de-provisioning”); p7 (“formal access provisioning process…”).<br>Third Party Security Standard.pdf • p.6 (“documented Identity Governance Framework… identity provisioning… periodic access recertification”; “Deploy solutions (e.g., SailPoint…)”). | E17: Cloud & Hosting Security Standard • p7 (“Access…revalidated for entitlement appropriateness”). | F17: Logging and Continuous Monitoring Standard • p.6 • 5.2.1 (least privilege / SoD language for log access). | G17: Define “authoritative source,” “certification,” and recert scope in one place. | H17: HRIS-driven JML; automated provisioning/deprovisioning; SoD rules; standardized approval workflow; evidence retention. | I17: Cert completion SLA; orphan account rate; time-to-deprovision; % apps in IGA; audit evidence retention period.
B18: Identity & Directory | C18: Multi-Factor Authentication (MFA) | D18: Identity and Access Management Standard.pdf • p5 (“Multi-factor authentication shall be enforced.”); p9 (Remote Access: “Strong authentication… to include… MFA…”).<br>Cloud & Hosting Security Standard • p7 (“Multi-factor authentication (MFA) shall be used…”).<br>Third Party Security Standard.pdf • p.7 (“MFA… required for all access”). | E18: Cloud & Hosting Security Standard • p12 (“two-factor authentication”). | F18: Logging and Continuous Monitoring Standard • p.8 • “6.0 Required Security Infrastructure Services” (Global Authentication Service / Global AS). | G18: Define MFA strength (phishing-resistant vs not) and where it must be enforced. | H18: Require phishing-resistant MFA for privileged/remote/high-risk; define allowed factors; conditional access baselines; exception handling. | I18: MFA adoption by role/app; privileged MFA compliance; exception counts/age; failed MFA attempts monitored.
B19: Identity & Directory | C19: Single Sign-On (SSO) | D19: Identity and Access Management Standard.pdf • p5 (“MFA must be configured to all single sign on integrated applications…”).<br>Third Party Security Standard.pdf • p.8 (same quote). | F19: Logging and Continuous Monitoring Standard • p.8 • “6.0 Required Security Infrastructure Services” (GIA Platform).<br>Network Security Standard • p.10 • “6.0 Required Security Infrastructure Services” (GIA Platform). | G19: State which app tiers “must” use SSO; define when local creds are allowed. | H19: Mandatory SSO for enterprise/SaaS/cloud consoles; ban local accounts where feasible; define token/session requirements. | I19: % apps SSO-integrated; local account exceptions; session lifetime standards; SSO logging retention.
B20: Identity & Directory | C20: Joiner, Mover, Leaver (JML) | D20: Identity and Access Management Standard.pdf • p7 (“…join… move… change roles… or leave…”).<br>Third Party Security Standard.pdf • p.7 (“immediate deactivation… upon termination or job role changes”); p.8 (“Track and document all access changes… automated workflows”). | E20: Logging and Continuous Monitoring Standard • p.8 • 5.4.6 (“Attempts to access deactivated accounts shall be monitored”).<br>Cloud & Hosting Security Standard • p6 (termination/return/sanitize/dispose language referenced under JML). | G20: Replace vague timelines with SLAs by risk tier; define triggers (HR feed, vendor offboarding). | H20: Automated JML; same-day disable for privileged; mover recert triggers; rehire/reactivation controls. | I20: Time-to-disable; time-to-provision; % automated vs manual; deactivated account access attempts; reconciliation exceptions.
B21: Identity & Directory | C21: Privileged Access Reviews | D21: Identity and Access Management Standard.pdf • p7 (“reviewed… at least semi-annually…”).<br>Third Party Security Standard.pdf • p.6 (“…reviewed, and revalidated… at least semi-annually…”).<br>Cloud & Hosting Security Standard • p7 (“Access shall be reviewed…on an annual basis.”). | E21: Logging and Continuous Monitoring Standard • p.5 • 5.1.6 (privileged/admin activity logged). | G21: Distinguish privileged vs standard access review requirements and evidence expectations. | H21: Privileged reviews more frequent than annual; define scope (roles/groups/service accounts); remediation timelines; escalation rules. | I21: Review completion rate; days-to-remediate; non-response escalations; privileged inventory accuracy.
B22: Identity & Directory | C22: Password & Authentication Policy | D22: Identity and Access Management Standard.pdf • p10 (min length/composition/change-on-compromise per excerpt summary).<br>Third Party Security Standard.pdf • p.7 (“credentials… rotated… every ninety (90) calendar days”; default password changes); p.14 (“Hash passwords at rest…”).<br>Acceptable Use Policy.pdf • p.7 • L1–L3 (“…use a strong password… keep passwords confidential, and regularly change passwords.”). | E22: Cloud & Hosting Security Standard • p11 (“secrets (e.g., passwords…digital certificates)…shall utilize approved…solutions”). | F22: Logging and Continuous Monitoring Standard • p.5 • 5.1.5 and 5.1.7 (auth/sign-on and admin login events logged). | G22: Replace “strong password” with measurable requirements; clarify rotation rules and service-account handling. | H22: Banned/breached password screening; secret vaulting; service account rotation; prohibit shared accounts; lockout/monitoring standards. | I22: Password policy compliance; secret rotation compliance; shared-account exceptions; auth failure anomaly alerts.
B23: Identity & Directory | C23: Birthright Access Provisioning | G23: Define “birthright” vs request-based entitlements. | H23: Persona-based least-privilege bundles; auto-expiry for add-ons; SoD checks. | I23: Birthright catalog; exception rate; privilege creep indicators; periodic validation completion.
B24: Identity & Directory | C24: RBAC Design | D24: Identity and Access Management Standard.pdf • p6 (“role-based access shall be linked to an HR system or equivalent.”).<br>Cloud & Hosting Security Standard • p6 (“Role-based Access Control (RBAC) shall be used…”).<br>Third Party Security Standard.pdf • p.7 (“RBAC… segregate duties… least access”). | F24: Logging and Continuous Monitoring Standard • p.6 • 5.2.1 (least privilege / SoD language). | G24: Define role ownership, naming, and change control explicitly. | H24: Role engineering/mining; SoD matrix; HR attribute linkage; periodic role cleanup. | I24: Role catalog freshness; role owner attestations; SoD violations; role change audit trail.
B25: Identity & Directory | C25: Access Certifications | D25: Identity and Access Management Standard.pdf • p7 (semi-annual revalidation; “SOX applicable applications’ access review…” per excerpt summary).<br>Third Party Security Standard.pdf • p.6 (“periodic access recertification”).<br>Cloud & Hosting Security Standard • p7 (“authorized and revalidated…”). | F25: Logging and Continuous Monitoring Standard • p.6 • 5.3.2 (review aggregated system logs). | G25: Use explicit “certify/attest” wording and define evidence requirements. | H25: Cadence by risk tier; tool-based attestation; escalation for non-response; remediation SLAs. | I25: Completion SLA; overdue items; sampling/QA rate; evidence retention period.
B26: Identity & Directory | C26: Directory Hygiene & Stale Accounts | D26: Identity and Access Management Standard.pdf • p6 (“Inactive accounts shall be disabled after… 90 days.”).<br>Third Party Security Standard.pdf • p.8 (“identity… disabled, deleted… when… no longer… business requirement”). | E26: Logging and Continuous Monitoring Standard • p.8 • 5.4.6 (deactivated-account access attempts monitored).<br>Logging and Continuous Monitoring Standard • p.5 • 5.1.7 (account/privilege changes logged). | G26: Define inactivity thresholds by account type; define reactivation rules. | H26: Automated disablement; orphan detection; privileged/service-account hygiene; reconciliation with HR/IGA. | I26: Inactive accounts aged > threshold; orphan counts; reactivation approvals; stale privileged account rate.
B27: Identity & Directory | C27: Administrator Access Provisioning | D27: Third Party Security Standard.pdf • p.7 (“Privilege escalations… formalized process… limited time”).<br>Cloud & Hosting Security Standard • p6 (admin access uses approved IAM/GAS). | E27: Network Security Standard • p.4 • 5.1.1.1 (dedicated account for privileged access).<br>Logging and Continuous Monitoring Standard • p.5 • 5.1.4 (alert on admin group membership changes). | F27: Logging and Continuous Monitoring Standard • p.10 • definition “Privileged Access”. | G27: Clarify “limited time” with maximum durations and approvals. | H27: JIT elevation via PAM; dedicated admin IDs; approvals + ticket linkage; session recording; post-elevation review. | I27: % admin access JIT; elevation duration compliance; admin group change alerts; post-elevation review completion.
B28: Network | C28: NGFW | E28: Third Party Security Standard.pdf • p.11 (“stateful firewalls… deny-all default… baseline configuration”).<br>Network Security Standard • p.10 • 5.10.1 (firewalls as critical network resources).<br>Cloud & Hosting Security Standard • p9/p12 (“firewalls” generic reference). | G28: If “NGFW” is intended, name it and define minimum capabilities. | H28: IPS/app-ID, egress controls, TLS inspection policy, centralized logging, ownership, rule lifecycle. | I28: Rule recert cadence; default-deny compliance; logging coverage; egress exceptions.
B29: Network | C29: NAC | E29: Cloud & Hosting Security Standard • p7 (“Only managed, corporate-owned devices are permitted access”).<br>Third Party Security Standard.pdf • p.10 (“certificate-based authentication… for wireless access”). | F29: Network Security Standard • p.4 • 5.1.2 (monitor for unauthorized devices). | G29: Clarify what “managed” means (MDM/EDR/encryption). | H29: Posture-based access; quarantine; guest/IoT segregation; enforcement across wired/wireless/remote. | I29: Device compliance rate; quarantine events; unmanaged device attempts; exception aging.
B30: Network | C30: VPN | D30: Third Party Security Standard.pdf • p.10 (“VPN tunnels… jump server/bastion host… MFA”). | E30: Network Security Standard • p.12 • definitions “Remote Access / Remote Connections” and “ZTNA”.<br>Network Security Standard • p.10 • “6.0 … Services” (Global Remote Access).<br>Cloud & Hosting Security Standard • p7 (remote interactive access referenced). | G30: Use consistent terms (VPN vs ZTNA) and define allowed uses. | H30: Approved remote access methods; MFA + device posture; bastion for admin; logging/session controls; split-tunnel stance. | I30: Remote access method adoption; session logging coverage; admin access via bastion compliance.
B31: Network | C31: Segmentation & Zoning | D31: Third Party Security Standard.pdf • p.10 (“security zones… segmenting… flows… approved… monitored… reviewed”). | E31: Cloud & Hosting Security Standard • p9 (“VLANs…SDN…layered security zones”).<br>Network Security Standard • p.10 • 5.8.4 (boundary controls). | F31: Logging and Continuous Monitoring Standard • p.5 • 5.1.10 (“All unauthorized traffic shall be blocked and logged” + reference). | G31: Define required minimum zones and allowed flows. | H31: Default-deny between zones; management plane isolation; periodic drift review; enforce via policy-as-code where possible. | I31: Segmentation drift findings; firewall/ACL violations; allowed-flow approvals; zone-to-zone monitoring.
B32: Network | C32: Firewall Rule Review & Change Mgmt | D32: Third Party Security Standard.pdf • p.11 (“Firewall rule review process… documented and regularly triggered…”). | E32: Change Management Standard • p5 (verify configuration before/after changes).<br>Logging and Continuous Monitoring Standard • p.8 • 5.4.5 (SCAP unauthorized change alerts). | G32: Define cadence, required artifacts, and expiry standards. | H32: Rule justification + owner; expiry/recert; emergency process; automated cleanup of unused rules. | I32: % rules with owners/expiry; recert completion; unused rule removal rate; emergency changes reconciled.
B33: Network | C33: Remote Access Policy | D33: Identity and Access Management Standard.pdf • p9 (“allowed methods… usage restrictions… monitor… unauthorized remote access.”).<br>Cloud & Hosting Security Standard • p7 (TLS 1.2+, identity-aware access, managed devices, endpoint protection).<br>Third Party Security Standard.pdf • p.8 (approved gateways for non-managed devices); p.11 (remote access ports monitored; vendor access auditable process).<br>Acceptable Use Policy.pdf • p.11 • L1–L4 (“…Global Remote Access”). | E33: Network Security Standard • p.12 (definition “Remote Access / Remote Connections”).<br>Network Security Standard • p.12 (“Privileged Access Path” includes bastions/ZTNA proxies).<br>Data Classification & Handling Standard • (Data Transfer) token restrictions (referenced). | G33: Convert definitions into enforceable “shall” requirements. | H33: Allowed methods list; MFA + posture; session timeout; geo/IP restrictions where appropriate; prohibited tools; SIEM/SOC logging. | I33: Remote access audit logs; posture compliance; vendor access approvals; session recording coverage for admin paths.
B34: Network | C34: DNS Security & Filtering | D34: Logging and Continuous Monitoring Standard • p.5 • 5.1.7 (“DNS query logging shall be enabled…”). | E34: Third Party Security Standard.pdf • p.21 (DNS query logging to detect malicious domains).<br>Network Security Standard • p.10 • “6.0 … Services” (Global DNS). | G34: Add blocking/response requirements in addition to logging. | H34: DNS filtering categories; sinkhole; alert thresholds; IR actions. | I34: DNS block events; mean time to respond; false positive rate; retention compliance.
B35: Hosting & Cloud | C35: CSPM | E35: Cloud & Hosting Security Standard • p9 (“regular review… identify… unauthorized services…”).<br>Third Party Security Standard.pdf • p.36 (glossary “CSPM”). | G35: Move CSPM from “concept/glossary” to explicit “shall” requirements. | H35: Continuous config assessment; misconfig SLAs; exception workflow; reporting. | I35: CSPM coverage; SLA compliance; exception aging; drift trend.
B36: Hosting & Cloud | C36: Cloud Baseline / Hardening | D36: Cloud & Hosting Security Standard • p9 (“secure configuration baseline… minimal installation… disable unnecessary ports”).<br>Vulnerability Management Standard.pdf • p.7 (“secure baseline… more than seven (7) days old”; “Scan and update gold images monthly”). | E36: Third Party Security Standard.pdf • p.31 (baseline standards consistent with hardening standards).<br>Logging and Continuous Monitoring Standard • p.8 • 5.4.5 (SCAP monitoring). | G36: Define baseline sources and how drift is handled. | H36: CIS-aligned baselines; golden image approvals; drift detection/enforcement; deviation approvals. | I36: Baseline compliance %; drift remediation time; golden image age; exception inventory.
B37: Hosting & Cloud | C37: Vulnerability & Patch Mgmt | D37: Vulnerability Management Standard.pdf • p.5 and p.7 (assets scanned; missing patches; remediation SLAs—per provided summary).<br>Cloud & Hosting Security Standard • p8 (“accept security updates… at least monthly”).<br>Acceptable Use Policy.pdf • p.9 • L1–L2 (“…up to date system patches…”).<br>InfoSec Policy • p6 (systems maintained; references Vulnerability Management Standard). | E37: Open Source Software Policy • p.3 • “Roles and Responsibilities” (keep assets up-to-date; available for scanning).<br>Logging and Continuous Monitoring Standard • p.8 • 5.4.11 (pointer to Vulnerability Management Standard). | G37: Replace vague “monthly” with severity SLAs and verification. | H37: Critical/high SLAs; authenticated scanning; rescans to verify; time-boxed exceptions. | I37: Scan coverage; patch age distribution; SLA adherence; exception aging.
B38: Hosting & Cloud | C38: Cloud Asset Inventory & Lifecycle | D38: Vulnerability Management Standard.pdf • p.5 (CMDB/inventory basis; discovery scanning finds assets not in inventory—per summary). | E38: Cloud & Hosting Security Standard • p12 (tagging/asset type referenced). | F38: Open Source Software Policy • p.5 • 5.4 (OSS inventory). | G38: Clarify system-of-record and required fields. | H38: CMDB/inventory required; minimum tags/owners; lifecycle states; reconciliation cadence. | I38: Inventory reconciliation results; unknown asset rate; owner coverage; deprovision evidence.
B39: Hosting & Cloud | C39: Cloud Access & Privileged Role Mgmt | E39: Cloud & Hosting Security Standard • p6 (RBAC / least privilege basis).<br>Network Security Standard • p.12 (Privileged Access Path includes PAM platforms).<br>Third Party Security Standard.pdf • p.6–7 (PAM + least privilege references). | G39: State cloud-admin specifics separately from general IAM. | H39: Admin tiering; JIT/PIM; break-glass; session logging/recording; periodic IAM policy review. | I39: Cloud admin role inventory; JIT adoption; break-glass tests; privileged session logging coverage.
B40: M365 & Email | C40: Email Security Gateway | F40: Records Management Policy • p.3 • “2.0 Scope” (includes “e-mail” as record medium). | G40: Name the control and define scope. | H40: SEG requirements (anti-phish, sandboxing, URL rewrite, DMARC posture) + SIEM logging. | I40: Phish detection metrics; quarantine rates; DMARC enforcement level; alert SLA.
B41: M365 & Email | C41: Email Security Policy | D41: Third Party Security Standard.pdf • p.11 (“If… data needs to be emailed… the email shall be encrypted”). | E41: Data Classification & Handling Standard • (Data Transfer) (“Outlook emails…” / “email must be encrypted” referenced).<br>Encryption and Key Management Standard.pdf • p7 (DKIM mechanism mentioned).<br>Third Party Security Standard.pdf • p.14 (DKIM mentioned). | G41: Consolidate rules into one “Email Security” section/policy. | H41: Encryption triggers; approved methods; external forwarding restrictions; BEC escalation steps; SPF/DKIM/DMARC requirements. | I41: Encryption compliance; forwarding exceptions; DMARC reports; BEC drill outcomes.
B42: M365 & Email | C42: Phishing Simulation & Awareness | E42: Acceptable Use Policy.pdf • p.5 • L1–L2 (“Report Phish button…”).<br>Cloud & Hosting Security Standard • p15 (annual training/awareness referenced).<br>Security Awareness and Training Standard.pdf • p.4 (phishing awareness). | G42: Distinguish “awareness training” vs “simulation program.” | H42: Simulation cadence; targeted retraining; KPIs and thresholds. | I42: Click/report rates; repeat-failure rate; completion SLAs; trend over time.
B43: M365 & Email | C43: M365 Tenant Hardening Baseline | F43: Third Party Security Standard.pdf • p.11 (SharePoint Online / OneDrive approved transfer systems). | G43: Define baseline controls clearly and centrally. | H43: Conditional Access baseline; legacy auth blocked; admin role governance; audit log retention; external sharing limits. | I43: Secure score/benchmark; CA policy coverage; legacy auth attempts blocked; audit retention compliance.
B44: AI | C44: AI Acceptable Use Policy | D44: Artificial Intelligence Policy.pdf • Section 5.0–6.0 excerpts (page not retrievable): “ONLY use AI tooling… approved by the RAI Team…”; “Approved AI Tooling…”. | F44: Security Awareness and Training Standard.pdf • p.4 (training includes GenAI / AI-based tools—per provided summary). | G44: Add a “can/can’t input” table by data classification. | H44: Approved tools list; data restrictions; human review rules; monitoring/enforcement; exception process. | I44: Acknowledgment completion; tool usage logs; violations/exception aging; DLP/egress alerts tied to AI tools.
B45: AI | C45: AI Risk Assessment & Model Governance | D45: Artificial Intelligence Standard.pdf • p.3 • L1–L4 (“AI… risk and impact assessment… full lifecycle governance procedures…”).<br>Third Party Security Standard.pdf • p.12 (“…prohibited for training AI models”). | F45: Data Classification & Handling Standard (restricted data prohibited for training AI models unless approved—referenced). | G45: Define risk tiers and required artifacts per tier. | H45: Tiered approvals; security/privacy testing; monitoring/recertification; incident response for model failures. | I45: Registry completeness; tier compliance; testing evidence; recert frequency; monitoring alerts.
B46: AI | C46: Shadow AI Discovery & Inventory | D46: Artificial Intelligence Standard.pdf • p.7 • L1–L4 (“registered into the AI Use Case & Model Registry…”). | G46: Define “shadow AI” and consequence/escalation path. | H46: Discovery tooling; inventory + owners; containment and sanctioned alternatives; exceptions. | I46: Shadow AI detections; time-to-remediate; inventory completeness; repeat violations.
B47: Application Inventory | C47: DAST | D47: Third Party Security Standard.pdf • p.24 (“security testing… including… (SAST/DAST)”). | E47: Change Management Standard • p5 (security testing referenced for changes). | F47: Third Party Security Policy.pdf • page not captured (SAST/DAST referenced—per summary). | G47: Make gating criteria and scope explicit. | H47: Authenticated + API DAST; cadence; gating for critical apps; retest requirements. | I47: DAST coverage; findings aging; release gating exceptions; retest completion.
B48: Application Inventory | C48: SAST | D48: Third Party Security Standard.pdf • p.24 (SAST alongside DAST). | E48: Secure SDLC Standard.pdf • page not captured (“Static and dynamic analysis tools…”).<br>Cloud & Hosting Security Standard • p8 (OWASP reference).<br>Open Source Software Policy • p.5 • 5.5 (security review upon OSS registration—per summary). | G48: Define where SAST must run (CI/CD) and thresholds. | H48: Mandatory SAST in CI; triage SLAs; gating thresholds; exception process. | I48: SAST adoption; MTTR by severity; exception aging; false positive governance.
B49: Application Inventory | C49: WAF | D49: Secure SDLC Standard.pdf • page not captured (“Web applications… protected by… WAFs…”). | E49: Logging and Continuous Monitoring Standard • p.8 • “6.0 … Services” (“Internet Application Protection (IAP)”).<br>Network Security Standard • p.12 • definition “Web Application Filtering”. | G49: Clarify WAF vs generic “filtering/IAP.” | H49: WAF required for internet-facing apps; tuning/ownership; SIEM logging; change control. | I49: Coverage %; tuned rulesets; false positive handling SLA; alert coverage.
B50: Endpoint | C50: EDR | D50: Endpoint Protection Standard.pdf • p6 (L1): “Endpoint protection solutions (including Endpoint Detection and Response (EDR)) shall be deployed and regularly updated…” | E50: Cloud & Hosting Security Standard • p7 (managed endpoint protection required for remote access). | F50: Logging and Continuous Monitoring Standard • p.8 • “6.0 … Services” (Endpoint Protection / Restaurant Endpoint Control listed). | G50: Define minimum telemetry and SOC integration. | H50: Coverage targets; tamper protection; SIEM/SOC integration; alert SLAs; isolate authority. | I50: Coverage %; sensor health; response times; isolation events and outcomes.
B51: Defense & Response | C51: Incident Response Plan & Playbooks | D51: Business Continuity and Technology Resiliency Standard.pdf • p.8 • L1–L2 (IR plans tested).<br>Network Security Standard • p.10 • 5.9.1 (incident reporting).<br>Third Party Security Standard.pdf • p.21 (incident response plans/capabilities via exercises—per summary). | E51: Cloud & Hosting Security Standard • p15 (incident management/response processes referenced). | F51: Logging and Continuous Monitoring Standard • p.3 (“1.0 Purpose”) and p.4 (Roles & Responsibilities; incident@us.mcd.com—per summary).<br>Third Party Security Standard.pdf • p.14 (key compromise reported to IR—per summary). | G51: Name required playbooks and exercise types. | H51: Playbooks (ransomware/BEC/cloud compromise); severity taxonomy; RACI; comms; evidence handling; on-call model. | I51: Exercise cadence; time-to-contain; post-incident action closure rate; evidence retention compliance.
B52: Defense & Response | C52: Logs ingested into SOC/SIEM | D52: Third Party Security Standard.pdf • p.14 (“Logs… ingested by… SIEM… for correlation”).<br>Third Party Security Standard.pdf • p.7 (“Integrate logs with SIEM”).<br>Logging and Continuous Monitoring Standard • p.9 (Definitions “SIEM” and “Ingestion Capacity”). | E52: Logging and Continuous Monitoring Standard • p.6 • 5.3.2 (review aggregated logs in coordination with GSOC).<br>Cloud & Hosting Security Standard • p7 (“sessions… logged to a centralized logging platform and monitored”). | F52: Network Security Standard • p.10 • “6.0 … Services” (SOC required service).<br>Data Center Physical Security Standard • p6 (SOC listed—per summary).<br>Business Continuity and Technology Resiliency Standard.pdf • p.8 (SOC referenced as service only—per summary). | G52: Specify log sources, retention, and alert SLAs explicitly. | H52: Mandatory SIEM onboarding for defined sources; normalization fields; retention durations; alert coverage SLAs; ownership. | I52: Log source coverage; parsing success; retention compliance; alert SLA adherence; “not ingested” register.
B53: Third Parties & Vendors | C53: Lifecycle Management | D53: Acceptable Use Policy.pdf • p.10 • L1–L3 (return assets at relationship end).<br>Identity and Access Management Standard.pdf • p9 (third-party accounts disabled when no longer needed). | E53: Cloud & Hosting Security Standard • p6 (termination return/sanitize/dispose referenced).<br>Third Party Security Policy.pdf • page not captured (lifecycle sections; “Return, destroy, or irreversibly dispose…”—per summary).<br>Network Security Standard • p.4 • 5.1.3 (follow Third-Party Security Policy). | F53: Records Management Policy • p.4 (vendors/suppliers responsibilities).<br>McDonald’s Global Personal Information Governance Policy • page not exposed (vendors in scope—per summary). | G53: Make lifecycle gates explicit and consistent with procurement. | H53: Due diligence tiers; reassessment triggers; offboarding checklist (disable accounts, rotate keys, deletion attestations); audit rights. | I53: Offboarding completion SLA; key rotation confirmation; deletion attestations; reassessment cadence compliance.
B54: Third Parties & Vendors | C54: Contractual Security Requirements | D54: Third Party Security Standard.pdf • p.27 (“Include contractual flow-down clauses…”).<br>Third Party Security Standard.pdf • p.31 (contract compliance expectations).<br>Encryption and Key Management Standard.pdf • p9 (L1) (“contractual enforcement of encryption obligations by the third party.”). | E54: Asset Standard.pdf • p.3 • L1–L2 (contracts include privacy/security language).<br>Acceptable Use Policy.pdf • p.9 • L1–L3 (privacy/security clauses).<br>Cloud & Hosting Security Standard • p6 (shared responsibility matrix established/documented/acknowledged). | F54: Logging and Continuous Monitoring Standard • p.6 • 5.4.1 (monitoring in accordance with contractual requirements). | G54: Provide a minimum clause set and owners for enforcement. | H54: Baseline clauses: breach notice SLA, audit rights, subprocessor controls, encryption/KMS, logging access, pen test rights, data residency. | I54: Contract clause checklist completion; vendor breach notice compliance; audit exercise outcomes; subprocessor inventory.
B55: Data & Storage | C55: Data Classification Policy | D55: Asset Standard.pdf • p.5 • L1–L2 (“assets… shall be classified and labeled…”).<br>Third Party Security Standard.pdf • p.11 (“Implement a formal data classification process…”). | E55: Data Governance Policy • p.5 (classification process definition).<br>Data Classification & Handling Standard (classes referenced). | G55: Put a single handling matrix in one authoritative place. | H55: Classification → required controls (share/encrypt/log/retain/AI restrictions); labeling; enforcement tooling; exceptions. | I55: Labeling coverage; misclassification rate; control compliance by class; exception aging.
B56: Data & Storage | C56: Data Retention & Disposal | D56: Third Party Security Standard.pdf • p.12 (“Records Retention Schedules…”; delete/dispose after expiry).<br>Asset Standard.pdf • p.3 • L1–L3 (“lifecycle controls (including data retention requirements)”). | E56: Data Classification & Handling Standard (retention/deletion referenced).<br>Data Governance Policy • p.5 (Records Management Policy referenced). | G56: Clarify owners, schedules, and legal hold steps. | H56: Retention schedules by data type/class; approved destruction methods; evidence requirements; third-party attestations. | I56: Retention compliance; disposal evidence completeness; legal hold execution timeliness; deletion attestations.
B57: Data & Storage | C57: Backup Testing & Recovery Drills | D57: Business Continuity and Technology Resiliency Standard.pdf • p.8 • L1–L2 (test integrity; perform restoration).<br>Cloud & Hosting Security Standard • p15 (“Backup and recovery measures shall be tested quarterly”). | G57: Specify measurable RTO/RPO and success criteria. | H57: Restore-test cadence; immutable/offline backups where needed; RTO/RPO by tier; evidence retention. | I57: Restore success rate; RTO/RPO performance; test cadence adherence; immutable backup coverage.
B58: Data & Storage | C58: Encryption (at rest & in transit) | D58: Acceptable Use Policy.pdf • p.5 • L1–L3 (“emailed outside… appropriate encryption.”). | E58: Data Classification & Handling Standard (encrypt at-rest and in-transit; AES-256/TLS 1.2+ referenced).<br>Encryption and Key Management Standard.pdf • p7 (DKIM mechanism mentioned).<br>Third Party Security Standard.pdf • p.14 (DKIM mentioned). | G58: Separate “email auth” vs “data encryption” terminology. | H58: Mandatory encryption locations (endpoints/backups/db/logs); key ownership (KMS/HSM/BYOK); rotation; enforcement/monitoring. | I58: Encryption coverage; key rotation compliance; TLS posture; exceptions register; email auth posture tracked separately.
B60: Domain
B61: Concept
B62: Direct citation(s)
B63: Current Policy Language Summary
B64: Gold-Standard
B65: Suggested Update
B70: Identity & Directory
B71: Identity Provider (IdP)
B72: Identity and Access Management Standard.pdf • p5 (L1): “Authentication shall occur against the central system (Global Active Directory).”
B73: The current language establishes centralized authentication through an enterprise directory. It signals a central identity model, but does not fully define the enterprise IdP strategy, approved federation methods, application coverage expectations, or exception handling.
B74: 1. Explicitly define approved enterprise IdP(s). 2. Require all enterprise applications to authenticate through the enterprise IdP unless exempted.
B75: “All enterprise applications shall authenticate through the approved enterprise identity provider unless a documented security exception is approved.”
... B403: “Sensitive data shall be encrypted at rest and in transit using approved enterprise cryptographic standards and managed keys.”

Sheet Scoring Criteria
A1: Scoring Criteria
A2: A 0-3 maturity scale applied to each technology and process. "In place" is read differently for a tool than for a process, so each level includes both.
A4: Score | B4: Level | C4: Definition | D4: Technology | E4: Process
A5: 0 | B5: Not in place | C5: The capability or process does not exist, or exists in name only with no working implementation. No evidence of operation, coverage, or ownership. | D5: Tooling is absent, not deployed, or deployed but not functional or not in use. | E5: No defined or repeatable process exists. Activity is absent or purely ad hoc.
A6: 1 | B6: Partially in place | C6: Exists but is incomplete. Coverage is limited, implementation is inconsistent, or material gaps remain. It works in places but cannot be relied on across the market. | D6: Deployed to only part of the environment, partially configured, or not consistently enforced. | E6: Defined but informal, undocumented, or followed inconsistently.
A7: 2 | B7: Passable | C7: Implemented and operating across most of the environment, meets baseline expectations, and is reasonably consistent. Dependable but not fully mature. Documentation, enforcement, or edge-case coverage can still improve. | D7: Covers most in-scope assets, appropriately configured and enforced, with only minor gaps. | E7: Documented and followed consistently with clear ownership, though cadence, metrics, or exception handling may not be fully formalized.
A8: 3 | B8: Strong | C8: Comprehensively implemented, consistently enforced, documented, governed, and monitored. Coverage is complete across the in-scope environment and aligns to leading practice. Remaining gaps are minor and actively managed. | D8: Fully covers the in-scope environment, hardened and well configured, enforced, monitored, and integrated into security operations. | E8: Formally documented, consistently executed, owned, measured against defined metrics or SLAs, and reviewed on a set cadence.

Sheet Scoring
A1: Market Scoring
A2: Score each technology / process 0-3. Definitions are on the Scoring Criteria tab. Total possible is 3 per item. Grey "Additional Information" rows capture domain-level notes and are not scored.
A3: Domain | B3: Control | C3: Tech / Process | D3: Description | E3: Scope & Cadence | F3: Score (0-3) | G3: Total Possible | H3: Strengths | I3: Gaps | J3: Recommendations | K3: Notes
A4: Identity & Directory | B4: Identity Provider (IdP) | C4: Technology | D4: Centralizes user identity management and authentication, acting as the authoritative source for who can access what across the organization's systems and applications. | E4: Any human (user), devices, and applications requiring access to any McDonald's IT resource | G4: 3
A5: Identity & Directory | B5: Privileged Access Management (PAM) | C5: Technology | D5: Controls, monitors, and audits access for privileged accounts, ensuring admin and service credentials are vaulted, time-limited, and fully auditable. | E5: All accounts on enterprise applications | G5: 3
A6: Identity & Directory | B6: Identity Governance & Administration (IGA) | C6: Technology | D6: Automates the provisioning, deprovisioning, and certification of user access, enforcing least privilege and providing an auditable view of who has access to what. | E6: All user and service accounts across enterprise applications, directories, and cloud platforms | G6: 3
A7: Identity & Directory | B7: Multi-Factor Authentication (MFA) | C7: Technology | D7: Requires users to verify their identity through a second factor beyond a password, significantly reducing the risk of credential-based attacks. | E7: All users & applications accessing corporate systems, applications, and remote services | G7: 3
A8: Identity & Directory | B8: Single Sign-On (SSO) | C8: Technology | D8: Allows users to authenticate once and gain access to multiple applications, reducing password sprawl and centralizing authentication control. | E8: All users accessing federated applications and services across the organization | G8: 3
A9: Identity & Directory | B9: Joiner, Mover, Leaver (JML) Process | C9: Process | D9: Defines how access is granted when a user joins, updated when they change role, and fully revoked when they leave the organization. Including Birthright | E9: All employees, contractors, and third parties with access to corporate systems and data. Triggered by HR events; audit compliance quarterly. | G9: 3
A10: Identity & Directory | B10: Privileged Access Reviews | C10: Process | D10: Periodically validates that privileged and admin access is still required and appropriate, removing or reducing rights where no longer justified. | E10: All accounts holding elevated or administrative privileges across systems, directories, and cloud platforms. - Reviews take place on a quarterly basis. | G10: 3
A11: Identity & Directory | B11: Access Certifications | C11: Process | D11: Runs scheduled campaigns requiring managers or data owners to formally review and certify that user access remains appropriate and necessary. | E11: All users with access to sensitive, regulated, or privileged systems. Semi-annually for standard access; quarterly for privileged access. | G11: 3
A12: Identity & Directory | B12: Directory Hygiene & Stale Account Remediation | C12: Process | D12: Identifies and remediates dormant, orphaned, or unlinked accounts across Active Directory and other directories to reduce the attack surface. This includes security group management | E12: All accounts in AD, cloud directories, and local systems — particularly those with no active HR record match. Quarterly scan and remediation cycle. | G12: 3
A13: Identity & Directory | B13: Additional Information
A14: Network | B14: Next-Generation Firewall (NGFW) | C14: Technology | D14: Inspects and controls network traffic based on application, user, and content context, going beyond traditional port and protocol filtering to block modern threats. | E14: Network perimeter boundaries across on-prem and cloud environments | G14: 3
A15: Network | B15: Secure Web Gateway | C15: Technology | D15: A security solution that monitors, filters, and controls user web traffic to block malicious sites, enforce acceptable use policies, and prevent data loss | G15: 3
A16: Network | B16: Network Access Control (NAC) | C16: Technology | D16: Enforces device compliance and identity checks before granting network access, preventing unmanaged or non-compliant devices from connecting to corporate infrastructure. | E16: All devices attempting to connect to the corporate network, including employee, contractor, and guest devices | G16: 3
A17: Network | B17: Virtual Private Network (VPN) | C17: Technology | D17: Provides an encrypted tunnel for users accessing corporate systems remotely, ensuring traffic is protected from interception over untrusted networks. | E17: All remote users and third parties requiring access to internal corporate systems and resources | G17: 3
A18: Network | B18: Network Segmentation & Zoning | C18: Technology/Process | D18: Defines how the network is divided into zones (e.g. DMZ, corporate, guest) to limit lateral movement and contain the impact of a breach within a segment. | E18: All network infrastructure across on-prem, cloud, and hybrid environments including OT and guest networks. Review annually or following significant network changes. | G18: 3
A19: Network | B19: Firewall Rule review & Change Management | C19: Process | D19: Periodically audits existing firewall rules to remove redundant or overly permissive entries, and governs how new rules are requested, approved, and implemented. | E19: All firewall rule sets across perimeter, internal, and cloud-based firewalls. Quarterly rule review; change management applied continuously. | G19: 3
A20: Network | B20: Wifi Hardening Baseline | C20: Process | D20: Encryption, strong password, guest wifi separate from corporate | G20: 3
A21: Network | B21: Remote Access Policy | C21: Process | D21: Defines the standards and requirements for users connecting to corporate systems from outside the network, including VPN usage, device compliance, and authentication requirements. | E21: All employees, contractors, and third parties accessing corporate systems remotely. Review annually or when remote working practices change significantly. | G21: 3
A22: Network | B22: DNS Security & Filtering | C22: Process | D22: Controls and monitors DNS queries to block access to malicious or unauthorized domains and detect potential command-and-control activity. | E22: All users and devices generating DNS traffic across corporate and remote networks. Continuously enforced; policy reviewed quarterly. | G22: 3
A23: Network | B23: Content Updates | C23: Process | D23: Regular updates to threat signatures, detection rules, and policy content to keep security tools current against emerging threats | G23: 3
A24: Network | B24: Basic Segmentation Standards & Implementation | C24: Process | D24: Defines the minimum segmentation baseline (required zones, permitted traffic between zones, and default-deny principles) and the operating process to implement/maintain it (documented standards, approvals, exceptions, periodic validation). | E24: All on‑prem, cloud, and hybrid networks; applies to corporate, guest, OT, and management networks. Review annually and after significant network or application changes. | G24: 3
A25: Network | B25: Additional Information
A26: Hosting & Cloud | B26: Cloud Security Posture Management (CSPM) | C26: Technology | D26: Continuously monitors cloud environments for misconfigurations, compliance violations, and security risks across cloud services and accounts. | E26: All cloud accounts and services across AWS, Azure, GCP, or equivalent platforms used by the organization | G26: 3
A27: Hosting & Cloud | B27: Cloud Security Baseline & Hardening Standards | C27: Process | D27: Defines the minimum security configuration requirements for cloud environments, ensuring services, storage, and compute resources are deployed securely by default. | E27: All cloud accounts, services, and resources provisioned across the organization's cloud platforms. Review annually; validate compliance quarterly. | G27: 3
A28: Hosting & Cloud | B28: Cloud Asset Inventory & Lifecycle Management | C28: Process | D28: Maintains an up-to-date register of all cloud assets including VMs, storage, and services, ensuring unused or shadow resources are identified and decommissioned. | E28: All cloud resources across every account and region used by the organization. Continuously maintained; full audit quarterly. | G28: 3
A29: Hosting & Cloud | B29: Cloud Access & Privileged Role Management | C29: Process | D29: Governs who holds elevated roles in cloud platforms, ensuring access is least privilege, reviewed regularly, and aligned to job function. | E29: All users and service accounts holding elevated or administrative roles across cloud platforms. Quarterly access review. | G29: 3
A30: Hosting & Cloud | B30: Additional Information
A31: M365 & Email Security | B31: Email Security Gateway | C31: Technology | D31: Filters inbound and outbound email to detect and block phishing, malware, spam, and business email compromise attempts before they reach user inboxes. | E31: All users with a corporate email account across the organization | G31: 3
A32: M365 & Email Security | B32: Phishing Simulation & User Awareness Training | C32: Process | D32: Runs regular simulated phishing campaigns to test user susceptibility and delivers targeted training to reduce the risk of credential theft and social engineering attacks. | E32: All staff across the organization, with targeted follow-up training for users who fail simulations. Simulations monthly or quarterly; mandatory training at least annually. | G32: 3
A33: M365 & Email Security | B33: M365 Tenant Hardening & Configuration Baseline | C33: Process | D33: Defines and enforces a secure configuration standard for the M365 tenant, covering settings across Exchange, Teams, SharePoint, and other services to reduce the attack surface. | E33: All M365 services and configurations within the organization's tenant. Review and validate configuration baseline quarterly. | G33: 3
A34: M365 & Email Security | B34: Productivity Suites Security Review | C34: Process | D34: Reviews security configurations, access controls, data sharing settings, and user permissions across collaboration and productivity platforms to identify misconfigurations, overprivileged accounts, and data exposure risks. | E34: All productivity suite platforms (M365, Sharepoint, Google Workspace, etc.) across the organization. Full assessment annually; targeted configuration reviews quarterly. | G34: 3
A35: M365 & Email Security | B35: Additional Information
A36: AI | B36: AI Tool & Usage Review | C36: Process | D36: Understanding whether the organization utilizes AI, including which tools have been formally sanctioned for use and who has been granted access to them. | E36: All approved and sanctioned AI tools across the organization. Semi-annually. | G36: 3
A37: AI | B37: Additional Information
A38: Application Inventory | B38: Dynamic Application Security Testing (DAST) | C38: Technology | D38: Tests running applications for vulnerabilities by simulating real-world attacks, identifying issues such as injection flaws, authentication weaknesses, and misconfigurations at runtime. | E38: All internet-facing and internally hosted web applications and APIs across the organization | G38: 3
A39: Application Inventory | B39: Static Application Security Testing (SAST) | C39: Technology | D39: Analyses application source code, bytecode, or binaries for security vulnerabilities before deployment, enabling developers to identify and fix issues early in the development lifecycle. | E39: All internally developed applications and codebases across the software development lifecycle | G39: 3
A40: Application Inventory | B40: EWAAP | C40: Technology | D40: Filters and monitors HTTP traffic to and from web applications, protecting against common attacks such as SQL injection, cross-site scripting, and application-layer DDoS. | E40: All internet-facing web applications and APIs hosted on-prem or in the cloud | G40: 3
A41: Application Inventory | B41: Application Inventory & Classification | C41: Process | D41: Maintains a complete and up-to-date register of all applications in use across the organization, classified by criticality, data sensitivity, and ownership. | E41: All applications in use across the organization including sanctioned, legacy, and shadow IT. Continuously maintained; full audit semi-annually. | G41: 3
A42: Application Inventory | B42: Application Lifecycle Management | C42: Process | D42: Governs how applications are requested, approved, deployed, maintained, and decommissioned, ensuring unsupported or redundant applications are identified and retired. | E42: All applications across the organization from initial procurement or development through to decommission. Review unsupported or end-of-life applications quarterly. | G42: 3
A43: Application Inventory | B43: Secure Software Development Lifecycle (SSDLC) | C43: Process | D43: Embeds security practices into each stage of the software development process, from design through to deployment, to reduce vulnerabilities being introduced into applications. | E43: All internally developed or customized applications and software projects across the organization. Applied continuously throughout the development lifecycle. | G43: 3
A44: Application Inventory | B44: Penetration Testing | C44: Process | D44: Conducts regular simulated attacks against applications to identify exploitable vulnerabilities that automated scanning may miss, providing a real-world assessment of security posture. | E44: All critical and internet-facing applications. At least annually; after significant changes or new application releases. | G44: 3
A45: Application Inventory | B45: Additional Information
A46: Endpoint | B46: Endpoint Detection & Response (EDR) | C46: Technology | D46: Monitors endpoints in real time for malicious behavior, detects and responds to threats, and provides forensic investigation capabilities post-incident. | E46: All corporate-managed endpoints including laptops, desktops, and servers across the organization | G46: 3
A47: Endpoint | B47: Mobile Device Management (MDM) | C47: Technology | D47: Enforces security policies, manages configurations, and enables remote wipe across mobile and desktop devices to ensure corporate data remains protected on all endpoints. | E47: All corporate-owned and BYOD devices accessing corporate systems, email, or data | G47: 3
A48: Endpoint | B48: Vulnerability Management & Patching | C48: Technology | D48: Systematically discovers, prioritizes, and remediates vulnerabilities and missing patches across the endpoint estate within defined SLAs based on severity and exposure. | E48: All managed endpoints and servers across the organization including remote and off-network devices | G48: 3
A49: Endpoint | B49: Endpoint Hardening & Configuration Baseline | C49: Process | D49: Defines and enforces a secure configuration standard for all endpoints, covering settings such as local admin removal, disk encryption, screen lock, and disabling unnecessary services. | E49: All corporate-managed endpoints from the point of provisioning through the device lifecycle. Baseline reviewed annually; compliance validated continuously via MDM. | G49: 3
A50: Endpoint | B50: Removable Media Controls | C50: Process | D50: Defines and enforces policies around the use of USB drives and other removable media, restricting or blocking usage where it poses a data loss or malware introduction risk. | E50: All corporate endpoints and users who may connect removable media devices to corporate hardware. Policy reviewed annually; controls enforced continuously. | G50: 3
A51: Endpoint | B51: Endpoint Compliance & Health Monitoring | C51: Process | D51: Continuously assesses whether endpoints meet the organization's security baseline, flagging and remediating non-compliant or unhealthy devices before they pose a risk. | E51: All managed endpoints across the organization, with particular focus on remote and high-risk devices. Compliance reports reviewed weekly or monthly. | G51: 3
A52: Endpoint | B52: Endpoint Asset Inventory & Lifecycle Management | C52: Process | D52: Maintains a complete register of all endpoints across the organization, ensuring every device is accounted for from procurement through to secure decommissioning, including unmanaged and unknown devices. | E52: All endpoints across the organization including managed, unmanaged, and third-party devices connecting to corporate resources. Full audit quarterly. | G52: 3
A53: Endpoint | B53: Additional Information
A54: Defense & Response | B54: Incident Response Plan & Playbooks | C54: Process | D54: Defines the end-to-end process for detecting, containing, eradicating, and recovering from security incidents, including specific playbooks for common scenarios such as ransomware, phishing, and data breach with regulatory notification obligations. | E54: All security incidents across the organization, including those involving personal or sensitive data subject to regulatory reporting. Plan reviewed annually; tabletop exercises at least annually. | G54: 3
A55: Defense & Response | B55: Logs Ingested into Global SOC | C55: Process | D55: Identifying all log sources and then connecting to the corporate SOC by onboarding each source through approved collectors/connectors. | E55: All systems, applications, network devices, and cloud services generating security-relevant log data across the organization. Continuously collected; retention policy reviewed annually. | G55: 3
A56: Defense & Response | B56: Additional Information
A57: Third Parties & Vendors | B57: Lifecycle Management | C57: Process | D57: End‑to‑end process of onboarding vendors with due diligence, assessing and tiering them by inherent risk, continuously monitoring performance, security, compliance, and issues, and offboarding by terminating access & validating data return/destruction, and finally - capturing lessons learned. | E57: All third-party vendors and suppliers prior, during and after being granted access to corporate systems, data, or infrastructure - with re-assessments likely for high-risk vendors. | G57: 3
A58: Third Parties & Vendors | B58: Contractual Security Requirements | C58: Process | D58: Ensures that security obligations, data handling standards, breach notification requirements, and audit rights are embedded into all third party contracts and agreements. | E58: All contracts and agreements with third parties who handle, process, or have access to corporate or customer data. Applied at contract creation and renewal; reviewed annually. | G58: 3
A59: Third Parties & Vendors | B59: Additional Information
A60: Data & Storage | B60: Data Discovery & Inventory | C60: Technology | D60: Used for discovering sensitive data in the environment and inventory the data, includes both unstructured and structured data. | E60: Cloud, SaaS, and on-prem environments where sensitive or regulated data may reside | G60: 3
A61: Data & Storage | B61: Data Classification | C61: Technology | D61: Classify disovered sensitive data into varios classification scheme (e.g., Highly Sensitive, Confidential, Internal, Public) and apply appropriate controls based on classification. | E61: Corporate Users | G61: 3
A62: Data & Storage | B62: Data Segmentation, Transfer & Localization | C62: Technology | D62: Segments, transfer and localizes sensitive data based on data regulations and data retention policies to minimize exposure of sensitive data. | E62: Cloud, SaaS, and on-prem environments where sensitive or regulated data may reside | G62: 3
A63: Data & Storage | B63: Data Loss Prevention (DLP) | C63: Technology | D63: Monitors and blocks unauthorized transfer or exfiltration of sensitive data across endpoints, email, and cloud services. | E63: Corporate users who handle, send, or store sensitive data via email, endpoint, or cloud platforms | G63: 3
A64: Data & Storage | B64: Data Classification Management | C64: Process | D64: Defines sensitivity tiers, ownership responsibilities, and handling requirements for data across its lifecycle. | E64: All staff who create, store, or handle data across any system or format. Review annually. | G64: 3
A65: Data & Storage | B65: Data Retention & Disposal | C65: Process | D65: Establishes defined retention periods and secure disposal methods aligned to regulatory requirements and business need. | E65: All systems, storage media, and data types subject to regulatory or business retention obligations. Review annually; disposal activities ongoing per retention schedule. | G65: 3
A66: Data & Storage | B66: Backup Testing & Recovery Drills | C66: Process | D66: Regularly validates backup integrity and practices restoration procedures to confirm recoverability within agreed RTO/RPO targets. | E66: All critical systems and data sets subject to backup and recovery requirements. Test quarterly; full recovery drill at least annually. | G66: 3
A67: Data & Storage | B67: Encryption (At Rest & In Transit) | C67: Process | D67: Defines and enforces encryption standards (AES-256, TLS 1.2+) across all data stores and transfer channels as a baseline security control. | E67: All databases, file storage, and data transfer channels handling sensitive or regulated information. Review annually or when new systems are introduced. | G67: 3
A68: Data & Storage | B68: Additional Information

Sheet Score Rollup
A1: Score Rollup
A2: Points achieved vs possible by domain. Achieved pulls live from the Scoring tab. | F2: *If a Domain or subdomain is N/A to the market, the denominator will be reduced to reflect N/A
A4: Domain | B4: Items | C4: Achieved | D4: Possible | E4: %
A5: Identity & Directory | B5: =COUNTIFS(Scoring!$A$4:$A$68,$A5,Scoring!$G$4:$G$68,3) -> 9 | C5: =SUMIFS(Scoring!$F$4:$F$68,Scoring!$A$4:$A$68,$A5,Scoring!$G$4:$G$68,3) -> 0 | D5: =B5*3 -> 27 | E5: =IF(D5=0,0,C5/D5) -> 0
A6: Network | B6: =COUNTIFS(Scoring!$A$4:$A$68,$A6,Scoring!$G$4:$G$68,3) -> 11 | C6: =SUMIFS(Scoring!$F$4:$F$68,Scoring!$A$4:$A$68,$A6,Scoring!$G$4:$G$68,3) -> 0 | D6: =B6*3 -> 33 | E6: =IF(D6=0,0,C6/D6) -> 0
A7: Hosting & Cloud | B7: =COUNTIFS(Scoring!$A$4:$A$68,$A7,Scoring!$G$4:$G$68,3) -> 4 | C7: =SUMIFS(Scoring!$F$4:$F$68,Scoring!$A$4:$A$68,$A7,Scoring!$G$4:$G$68,3) -> 0 | D7: =B7*3 -> 12 | E7: =IF(D7=0,0,C7/D7) -> 0
A8: M365 & Email Security | B8: =COUNTIFS(Scoring!$A$4:$A$68,$A8,Scoring!$G$4:$G$68,3) -> 4 | C8: =SUMIFS(Scoring!$F$4:$F$68,Scoring!$A$4:$A$68,$A8,Scoring!$G$4:$G$68,3) -> 0 | D8: =B8*3 -> 12 | E8: =IF(D8=0,0,C8/D8) -> 0
A9: AI | B9: =COUNTIFS(Scoring!$A$4:$A$68,$A9,Scoring!$G$4:$G$68,3) -> 1 | C9: =SUMIFS(Scoring!$F$4:$F$68,Scoring!$A$4:$A$68,$A9,Scoring!$G$4:$G$68,3) -> 0 | D9: =B9*3 -> 3 | E9: =IF(D9=0,0,C9/D9) -> 0
A10: Application Inventory | B10: =COUNTIFS(Scoring!$A$4:$A$68,$A10,Scoring!$G$4:$G$68,3) -> 7 | C10: =SUMIFS(Scoring!$F$4:$F$68,Scoring!$A$4:$A$68,$A10,Scoring!$G$4:$G$68,3) -> 0 | D10: =B10*3 -> 21 | E10: =IF(D10=0,0,C10/D10) -> 0
A11: Endpoint | B11: =COUNTIFS(Scoring!$A$4:$A$68,$A11,Scoring!$G$4:$G$68,3) -> 7 | C11: =SUMIFS(Scoring!$F$4:$F$68,Scoring!$A$4:$A$68,$A11,Scoring!$G$4:$G$68,3) -> 0 | D11: =B11*3 -> 21 | E11: =IF(D11=0,0,C11/D11) -> 0
A12: Defense & Response | B12: =COUNTIFS(Scoring!$A$4:$A$68,$A12,Scoring!$G$4:$G$68,3) -> 2 | C12: =SUMIFS(Scoring!$F$4:$F$68,Scoring!$A$4:$A$68,$A12,Scoring!$G$4:$G$68,3) -> 0 | D12: =B12*3 -> 6 | E12: =IF(D12=0,0,C12/D12) -> 0
A13: Third Parties & Vendors | B13: =COUNTIFS(Scoring!$A$4:$A$68,$A13,Scoring!$G$4:$G$68,3) -> 2 | C13: =SUMIFS(Scoring!$F$4:$F$68,Scoring!$A$4:$A$68,$A13,Scoring!$G$4:$G$68,3) -> 0 | D13: =B13*3 -> 6 | E13: =IF(D13=0,0,C13/D13) -> 0
A14: Data & Storage | B14: =COUNTIFS(Scoring!$A$4:$A$68,$A14,Scoring!$G$4:$G$68,3) -> 8 | C14: =SUMIFS(Scoring!$F$4:$F$68,Scoring!$A$4:$A$68,$A14,Scoring!$G$4:$G$68,3) -> 0 | D14: =B14*3 -> 24 | E14: =IF(D14=0,0,C14/D14) -> 0
A15: Total | B15: =SUM(B5:B14) -> 55 | C15: =SUM(C5:C14) -> 0 | D15: =SUM(D5:D14) -> 165 | E15: =IF(D15=0,0,C15/D15) -> 0
A17: *If a Domain or subdomain is N/A to the market, the denominator will be reduced to reflect N/A
